text,type
ನನ್ನ ಜೀವನದಲ್ಲಿ ಸದಾ ಶಾಂತಿ ಇರುತ್ತದೆ,EMOTION
ನಾನು ಇಂದು ಮನಸ್ಸು ತುಂಬಾ ಕೆಳಗಿಳಿದಿದ್ದೇನೆ,EMOTION
ನನಗೆ ಇನ್ನೂ ತುಂಬಾ ಕೆಲಸವಿದೆ,NOEMOTION
ನನ್ನ ಮುಖ ಬಹಳ ಕಿರುಚಿದೆ,EMOTION
ನಾನು ಸಂತೋಷ್,NOEMOTION
ನಾನು ಈಗ ವಿಶ್ರಾಂತಿಯನ್ನು ಕೊಡಬೇಕಾಗಿದೆ,EMOTION
ನಾನು ಕ್ರಿಕೆಟ್ ಆಡುವುದು ಇಷ್ಟವಿಲ್ಲ,NOEMOTION
ನನ್ನ ಹೃದಯ ಸದಾ ಬಡಿದೆರೆಯಿಂದ ತುಂಬಿದೆ,EMOTION
ನಾನು ಅನುಭವಿಸಿದ ಅನುಭವಗಳು ನನ್ನ ಮೇಲೆ ಅಗಾಧ ಪ್ರಭಾವ ಬೀರಿದ್ದುವು,EMOTION
ನಾನು ನಿಜವಾಗಿಯೂ ಕಾಲೇಜಿಗೆ ಹೋಗುವುದಿಲ್ಲ,NOEMOTION
ನನ್ನ ಮನಸ್ಸಿನಲ್ಲಿ ಸದಾ ತುಂಬಾ ಸಂತೋಷ ಇರುತ್ತದೆ,EMOTION
ನಾನು ಇಂದು ಕುಳಿತು ಕಾಣುತ್ತಿರುವ ಸೂರ್ಯನು ಅದ್ಭುತವಾಗಿ ಕಾಣಿಸುತ್ತಿದೆ,EMOTION
ನನ್ನ ಮನಸ್ಸು ಆನಂದದಿಂದ ತುಂಬಿದೆ,EMOTION
ಅವರ ನಗುವಿನ ಹಿಂದೆ ಒಂದು ಕಾರಣವಿತ್ತು,EMOTION
ನಾನು ಈಗ ನೋವಿನಲ್ಲಿ ನಿರಾಸೆ ಅನುಭವಿಸುತ್ತಿದ್ದೇನೆ,EMOTION
ನಾನು ಪ್ರತಿಯೊಂದು ದಿನವೂ ಹೆಚ್ಚು ಸಂತೋಷವನ್ನು ಅನುಭವಿಸುತ್ತಿದ್ದೇನೆ,EMOTION
ಆ ಕಥೆಯು ನನ್ನ ಮನಸ್ಸಿನ ಭಾವನೆಗಳನ್ನು ಸುಲಭವಾಗಿ ಹೊಂದಿಕೊಂಡು ಹೋಯಿತು,EMOTION
ನಾನು ಈಗ ಉತ್ಸಾಹದಿಂದ ಕೂಡಿದ್ದೇನೆ,EMOTION
ನಾನು ಹೆಚ್ಚು ಕಾಲ ನಿದ್ರೆ ಮಾಡಿದ ಮೇಲೆ ಉಲ್ಲಾಸದಿಂದ ತುಂಬಿದ್ದೇನೆ,EMOTION
ನನ್ನ ಸ್ನೇಹಿತನಿಗೆ ಹುಲ್ಲು ಮಾಡಿದೆ,EMOTION
ನಾನು ಹೊಸ ಕೆಲಸ ಪ್ರಾರಂಭಿಸಿದ್ದೇನೆ,NOEMOTION
ನಾನು ಕನಸು ಕಂಡಿದ್ದೇನೆ,EMOTION
ನಾನು ಆನಂದದಿಂದ ಕೂಡಿದ್ದೇನೆ,EMOTION
ನನಗೆ ಆರೋಗ್ಯ ಸಮಸ್ಯೆ ಇಲ್ಲ,NOEMOTION
ನಾನು ವೇದನೆಯಿಂದ ನರಳುತ್ತಿದ್ದೇನೆ,EMOTION
ನನ್ನ ಸ್ನೇಹಿತರೊಂದಿಗೆ ವಿಹರಿಸುವುದು ನನಗೆ ಸಂತೋಷ,EMOTION
ನಾನು ನನ್ನ ಸಹೋದರಿಯನ್ನು ಬಹಳ ಮಿಗಿಲಾಗಿ ಪ್ರೀತಿಸುತ್ತೇನೆ,EMOTION
ನಾನು ಕೆಲಸದಲ್ಲಿ ಆಸಕ್ತಿ ಇಲ್ಲ,NOEMOTION
ನನ್ನ ಮಗು ಬಹಳ ಚಿರಸ್ಥಾಯಿಯಾಗಿದೆ,EMOTION
ನನಗೆ ಹೊಸ ಮೆಚ್ಚಿಕೆ ಸಿಕ್ಕಿದೆ,EMOTION
ನನ್ನ ಅಕ್ಕನೊಂದಿಗೆ ಸಂಭಾಷಣೆ ಮಾಡುವುದು ನನಗೆ ಸಂತೋಷ,EMOTION
ನಾನು ನೀವು ಸಂತೋಷದಿಂದ ಜೀವಿಸಬೇಕು,EMOTION
ಅವನ ಮನಸ್ಸಿನಲ್ಲಿ ಯಾವ ಆಲೋಚನೆಯೂ ಇಲ್ಲ,NOEMOTION
ಈ ನೆರಳು ಅತ್ಯಂತ ಭಯಾನಕವಾಗಿದೆ,EMOTION
ನನ್ನ ಪ್ರೀತಿ ನಿಮ್ಮ ಪಾಲಿಗೆ ಇರುವ ವಿಷಯವನ್ನು ಸಾರಿದೆ,EMOTION
ನಾನು ಅವನ ಮನಸ್ಸಿನ ಭಾವನೆಯನ್ನು ಗ್ರಹಿಸಲಾಗಲಿಲ್ಲ,NOEMOTION
ನಿಮ್ಮ ಸ್ನೇಹಿತರು ನಿಮಗೆ ದುಃಖ ಕೊಡುವುದಿಲ್ಲ,EMOTION
ನನ್ನ ಕೆಲಸವು ನನ್ನನ್ನು ಸಂತೋಷಪಡಿಸುತ್ತದೆ,EMOTION
ನನ್ನ ಜೀವನದಲ್ಲಿ ಆನಂದ ಕಡಿಮೆಯಾಗಿದೆ,EMOTION
ಈ ಸಮಯದಲ್ಲಿ ನನ್ನ ಹೃದಯ ಬಹಳ ಬೇಸರಗೊಂಡಿದೆ,EMOTION
ಅದು ನನ್ನ ಮನಸ್ಸಿನಲ್ಲಿ ಸದಾಕಾಲವೂ ಇರುವುದು,EMOTION
ನಾನು ಅವನನ್ನು ಹಾಸ್ಯ ಮಾಡಿದೆ,EMOTION
"ನಾನು ಎಷ್ಟು ಸಮಯದಿಂದ ಕಾಯುತ್ತಿದ್ದೇನೆ ತಿಳಿಯದು, ಆದರೆ ಸ್ವಲ್ಪ ಹೊತ್ತು ಮುಗಿಸುತ್ತಿದ್ದೇನೆ",EMOTION
ನಾನು ಬಂದಿರುವುದಕ್ಕೆ ಯಾವ ಕಾರಣವೂ ಇಲ್ಲ,NOEMOTION
ನನಗೆ ನೀವು ಬಾಯ್ದೆರೆದ ವಿಷಯವನ್ನು ಗೊತ್ತಿಲ್ಲ,NOEMOTION
ನಾನು ನಿಜವಾಗಿಯೂ ಈ ಪ್ರಶ್ನೆಯನ್ನು ಪರಿಹರಿಸಲು ಸಾಧ್ಯವಿಲ್ಲ,NOEMOTION
ನಾನು ಇಂದು ತುಂಬಾ ಸಮಾಧಾನದಿಂದಿದ್ದೇನೆ,EMOTION
ನನಗೆ ಸಿಕ್ಕಿದ ಕೆಲಸ ತುಂಬಾ ಕಠಿಣವಾಗಿದೆ,NOEMOTION
ನಾನು ನಿಮ್ಮೊಂದಿಗೆ ಹೊಂದಿಕೊಳ್ಳುವುದು ತುಂಬಾ ಸುಲಭವಾಗಿದೆ,EMOTION
"ನನಗೆ ನಿದ್ರೆ ಬರಲಿಲ್ಲ ಅಷ್ಟೆ, ಆದರೂ ಈಗ ಸುಖವಾಗಿದ್ದೇನೆ",EMOTION
ನನ್ನ ಬಾಯಿ ಹಸಿರು ಮರಳಿ ತೆಗೆದುಕೊಂಡು ತಿನ್ನುವುದು,EMOTION
ನಾನು ಎದೆಯಲ್ಲಿ ಅನೇಕ ಹೊಸ ಯೋಚನೆಗಳನ್ನು ಹೊತ್ತುಕೊಂಡು ಇದ್ದೇನೆ,EMOTION
ಆಕಾಶವು ನೀರಿನಂತೆ ನೀಲಿಯಾಗಿದೆ,NOEMOTION
ಕನಸು ಕಂಡುದ್ದು ಮರೆಯಲಾಗುವುದಿಲ್ಲ,EMOTION
"ನನ್ನ ಪ್ರಿಯತಮ, ನಿನ್ನ ಕಾರ್ಯದಲ್ಲಿ ನಂಬಿಕೆ ಇದೆ",EMOTION
ಸೂರ್ಯನ ಬೆಳಕು ಬಹು ಉಷ್ಣವಾಗಿದೆ,NOEMOTION
ನಾನು ಸಮುದ್ರದ ಬಳಿ ಅಲೆಯಾಗುತ್ತಿರುವೆ,EMOTION
ಕಾಡುಮನೆಯಲ್ಲಿ ಸ್ವಲ್ಪ ಬೆಳಕಿನಲ್ಲಿ ಸುಖವಾಗಿದೆ,EMOTION
ಆಕಾಶ ಒಂದು ಬೆಳಕಿನ ಸಮಾನವಾಗಿದೆ,NOEMOTION
ನಾನು ಸದಾ ನನ್ನ ಕೆಲಸಕ್ಕೆ ತೊಡಗುತ್ತಿದ್ದೇನೆ,NOEMOTION
ನನ್ನ ಹೃದಯ ಸಂತೋಷದಿಂದ ತುಂಬಿದೆ,EMOTION
ನನ್ನ ಜೀವನದ ಅನುಭವಗಳು ನನ್ನನ್ನು ನಿರಾಶೆಗೊಳಿಸುತ್ತವೆ,EMOTION
ನಾನು ಇನ್ನೂ ನನ್ನ ಭಾವನೆಗಳನ್ನು ಹೊಸದಾಗಿ ಹೇಳಲು ಸಿದ್ಧನಿಲ್ಲ,NOEMOTION
ನಾನು ಈ ಪರೀಕ್ಷೆಯಲ್ಲಿ ಯಶಸ್ವಿಯಾಗುವೆನೆಂದು ನಂಬುತ್ತೇನೆ,EMOTION
ನನ್ನ ಪ್ರೀತಿಯ ಮನುಷ್ಯನನ್ನು ಕಳೆದುಕೊಂಡು ನನ್ನ ಹೃದಯ ಕಂಗೆಟ್ಟಿದೆ,EMOTION
ನಾನು ಎಂದೆಂದಿಗೂ ನನ್ನ ತಂದೆಯ ಪ್ರೀತಿಯನ್ನು ಮರೆಯುವವನಲ್ಲ,EMOTION
"ನನ್ನ ಬಾಯಿಂದ ಮಾತುಗಳು ಬರುವುದೇ ಇಲ್ಲ, ಅಂದರೆ ನಾನು ಸುಮ್ಮನೆ ಕುಳಿತಿದ್ದೇನೆ",NOEMOTION
ಈ ಜೀವನದಲ್ಲಿ ಕಷ್ಟಕ್ಕೆ ಸಿಕ್ಕಿ ನಾನು ಎಂದೆಂದಿಗೂ ಬದುಕಿರಬೇಕಾಗಿದೆ,EMOTION
ನನ್ನ ಹೃದಯ ಸಂತೋಷದಿಂದ ತುಂಬಿದೆ,EMOTION
ನಾನು ಕಸಿವಿಸ್ತಾರ ಆಗಿದ್ದೇನೆ,EMOTION
ನನ್ನ ಮನಸ್ಸು ಸಂಪೂರ್ಣ ತೃಪ್ತಿಯಿಂದ ತುಂಬಿದೆ,EMOTION
ನಾನು ಚಿಂತಿಸುತ್ತಿದ್ದೇನೆ ನನ್ನ ಪ್ರೀತಿತನದ ವಿಷಯದಲ್ಲಿ,EMOTION
ನನಗೆ ಈಗ ಬಹಳ ಕಸಿವಿಸ್ತಾರ ಇದೆ,EMOTION
ನನ್ನ ಮನಸ್ಸು ತುಂಬಾ ಕೆಲಸದಲ್ಲಿ ತೊಡಗಿದೆ,EMOTION
ನಾನು ಸಂತೋಷದಿಂದ ತುಂಬಿದ ಹಿರಿಯ ವಯಸ್ಸಿನ ಮಹಿಳೆಯನ್ನು ಕಂಡು ಸಂತೋಷಿಸಿದೆ,EMOTION
ನನಗೆ ನಿದ್ರೆ ಬರುತ್ತಿಲ್ಲ ಹಾಗಾದರೆ ನನ್ನ ದಿನ ಸಾರ್ಥಕವಾಗುವುದಿಲ್ಲ,EMOTION
ನಾನು ಸಂತೋಷವಾಗಿ ನೋಡಿದ ಕೋಣೆ ಬಹಳ ಸುಂದರವಾಗಿತ್ತು,EMOTION
ನನಗೆ ಈ ಪುಸ್ತಕ ತುಂಬಾ ಇಷ್ಟ,EMOTION
ನನ್ನ ಬೆನ್ನೆಲುಬು ಬಹಳ ನೋವು ಹುಟ್ಟಿಸುತ್ತಿದೆ,EMOTION
ನನ್ನ ಸ್ನೇಹಿತ ಬಂದು ನನ್ನನ್ನು ಕೂಗಿಕೊಂಡನು,EMOTION
ನನಗೆ ಅದು ಅರ್ಥವಾಗಲಿಲ್ಲ,NOEMOTION
ನಾನು ನಿದ್ರೆಗೆ ಹೋಗುತ್ತಿದ್ದೇನೆ,NOEMOTION
ನನ್ನ ಬಟ್ಟೆಗಳು ಕಸಿವಿಸಿದ್ದುವು,NOEMOTION
ನನ್ನ ಸ್ನೇಹಿತರು ನನ್ನ ಸಹಾಯಕ್ಕೆ ಬಂದರು,EMOTION
ನನ್ನ ತಲೆಯ ಮೇಲೆ ಸೂರ್ಯ ಬೀಳಲಿದೆ,NOEMOTION
ನನಗೆ ಈ ಪಾಕವನ್ನು ಹೇಗೆ ತಯಾರಿಸಬೇಕು ಗೊತ್ತಿಲ್ಲ,NOEMOTION
ನನ್ನ ಮನಸ್ಸು ಶಾಂತವಾಗಿದೆ,EMOTION
ನನ್ನ ನೆರಳಿನಲ್ಲಿ ಕಾಣುವ ನೀನು ಎಂದು ತಿಳಿಯದ ದುಃಖವನ್ನು ನಾನು ಅನುಭವಿಸುತ್ತಿದ್ದೇನೆ,EMOTION
ನನ್ನ ಸ್ನೇಹಿತರೊಂದಿಗೆ ಹೋಗುವುದು ನನಗೆ ಸಂತೋಷವನ್ನು ಕೊಡುತ್ತದೆ,EMOTION
"ನನ್ನ ಮನಸ್ಸು ನುಡಿಯಾಡುವುದಕ್ಕೆ ಬಯಸುತ್ತಿದೆ, ಆದರೆ ನನ್ನ ತುಟಿಗಳು ಸುಮ್ಮನಿವೆ",EMOTION
ನಾನು ಈಗ ಮನಸ್ಸಿನ ಸ್ಥಿತಿಯಲ್ಲಿ ಸ್ವಲ್ಪ ಕಳವಳವಿದೆ,EMOTION
ನಾನು ಪ್ರಪಂಚದ ಕರೆಗೆ ಸಮರ್ಥನಲ್ಲ,NOEMOTION
ನನ್ನ ವಿದ್ಯಾಭ್ಯಾಸ ಮುಂದುವರೆಯುವುದು ನನಗೆ ಆಸೆಯಿಲ್ಲ,NOEMOTION
ನಾನು ಕೆಲಸದಲ್ಲಿ ಆಸಕ್ತನಲ್ಲ,NOEMOTION
ನನ್ನ ಹೆಸರು ರಾಜೇಶ್,NOEMOTION
ನಾನು ನಿನ್ನನ್ನು ನೋಡಿದಾಗ ನನ್ನ ಹೃದಯ ಸಂತೋಷದಿಂದ ತುಂಬುತ್ತದೆ,EMOTION
ನನ್ನ ಸಹೋದರಿಯ ಮಗು ನನಗೆ ಬಹಳ ಪ್ರಿಯ,NOEMOTION
ನಾನು ಆ ಪುಸ್ತಕವನ್ನು ಓದಿ ತುಂಬಾ ಸಂತೋಷವಾಯಿತು,EMOTION
ನನ್ನ ಬಾಯಿಗೆ ಹಸಿರು ತಿಂಡಿಯ ಬಾಕಸ್ ಬರುತ್ತದೆ,NOEMOTION
ನನ್ನ ನೆಚ್ಚಿನ ಪ್ರೌಢ ಶಿಕ್ಷಕರು ನನ್ನ ಜೀವನದಲ್ಲಿ ಒಂದು ಅದ್ಭುತ ಪರಿವರ್ತನೆ ಮಾಡಿದರು,EMOTION
ನನ್ನ ಜೀವನದಲ್ಲಿ ಸಂತೋಷದ ಹೊಸ ಸಾಗರವೊಂದು ತೆರೆದಿದೆ,EMOTION
ನನ್ನ ಮುಖ ಮಂದಹಾಸದಿಂದ ಕೂಡಿದೆ,NOEMOTION
ನನ್ನ ಕನಸುಗಳು ನನ್ನ ಜೀವನದ ಆದರ್ಶಗಳನ್ನು ಹೊಂದಿವೆ,EMOTION
ನನ್ನ ಅಭಿಮಾನ ಎಲ್ಲಿಯೂ ಅಡಚಣೆಗೊಳ್ಳುವುದಿಲ್ಲ,EMOTION
ನಾನು ನನ್ನ ಜೀವನದಲ್ಲಿ ಹಲವಾರು ಪ್ರಯೋಗಗಳನ್ನು ನಡೆಸಿದ್ದೇನೆ,NOEMOTION
ನಾನು ಪ್ರತಿಯೊಂದು ದಿನವೂ ಹೊಸ ಅನುಭವಗಳನ್ನು ಪಡೆಯುತ್ತಿದ್ದೇನೆ,NOEMOTION
ನಾನು ಇಂದು ಮನೆಗೆ ಹಿಂತಿರುಗಿ ಬಂದೆ,NOEMOTION
ನಾನು ನನ್ನ ವೃತ್ತಿಯಲ್ಲಿ ನೆರವೇರಿಸಬೇಕಾದ ಕೆಲಸಗಳು ಬಹಳ ಉದ್ವೇಗಕರವಾಗಿವೆ,EMOTION
ನಾನು ನನ್ನ ಸ್ನೇಹಿತರೊಂದಿಗೆ ಸಮಯ ಕಳೆಯುವುದು ನನಗೆ ಬಹಳ ಇಷ್ಟ,EMOTION
ನನ್ನ ಪ್ರೀತಿಯವನು ನೋಡಿದಾಗ ನನಗೆ ಉತ್ಸಾಹ ಬರುತ್ತದೆ,EMOTION
ಸುಖದ ನೆಲೆಯಲ್ಲಿ ನಾನು ಇರುವುದನ್ನು ಅರಿಯಲಾಗುತ್ತದೆ,NOEMOTION
ನನ್ನ ಸ್ನೇಹಿತರು ನನಗೆ ಎಷ್ಟು ಮುಖ್ಯವಾಗಿದ್ದಾರೆ ಎಂದು ಅರಿಯುವುದು ಒಂದು ಆನಂದವಾಗಿದೆ,EMOTION
ನನ್ನ ಜೀವನದ ಕೆಲಸಕ್ಕೆ ನಾನು ದಿನವೂ ಸಮರ್ಥನಾಗಿರಬೇಕು,NOEMOTION
ನನ್ನ ಮಗುವಿನ ಗುಲಾಬಿ ಚೀಲ ನೋಡಿ ನನಗೆ ಹೃದಯದಲ್ಲಿ ಸಂತೋಷ ಉಂಟಾಗುತ್ತದೆ,EMOTION
ನಾನು ಹಗಲು ರಾತ್ರಿ ಕೆಲಸ ಮಾಡಿ ಸುಖದಿಂದ ನಿದ್ರೆ ಮಾಡಬೇಕು,NOEMOTION
ನನ್ನ ಜೀವನದಲ್ಲಿ ಕೆಲವು ವೇಳೆ ಹಿಂಸೆಯಾಗುತ್ತದೆ ಆದರೆ ನಾನು ಅದಕ್ಕೆ ಮುಂದಾಗಲು ಪ್ರಯತ್ನಿಸುತ್ತೇನೆ,
ನನ್ನ ಜೀವನದ ಅತ್ಯಂತ ಸಂತೋಷದ ಘಟನೆಯೆಂದರೆ ನನ್ನ ಮಗು ಹುಟ್ಟಿದ ದಿನ,EMOTION
ನನ್ನ ಕನಸುಗಳಲ್ಲಿ ನಾನು ಸದಾ ಹುಬ್ಬುಗಳನ್ನು ನೋಡುತ್ತೇನೆ,NOEMOTION
ನನ್ನ ಮುಖದ ಮೇಲೆ ನಿಂತು ಹುಚ್ಚು ನಗೆಯಿಂದ ಕೂಡಿದ ಮಿಂಚುಗಳು ಬರುವುವು,EMOTION
ನನ್ನ ದಿನವೆಲ್ಲಾ ತೋರಿಕೆಗೆ ಹೋಗಿದೆ,NOEMOTION
ನನ್ನ ಹೃದಯದಲ್ಲಿ ನಾನು ಹಿಂಸೆಯ ಮನೋಭಾವದಿಂದ ಹೊಮ್ಮುತ್ತಿರುವೆ,EMOTION
ನನಗೆ ಬೇರೆ ಯಾರಿಗೂ ಅರ್ಥವಾಗುವಂತೆ ಹೇಳುವುದು ಬಹಳ ಕಷ್ಟವಾಗಿದೆ,NOEMOTION
ನಾನು ಸುಖವಾಗಿದ್ದೇನೆ ಎಂದು ನನಗೆ ಅನ್ನಿಸುತ್ತದೆ,EMOTION
ನನ್ನ ಜೀವನದಲ್ಲಿ ನೀನು ಅತ್ಯಂತ ಮುಖ್ಯವಾದ ವ್ಯಕ್ತಿಯಾಗಿದ್ದೀಯೆ,EMOTION
ನಾನು ನನ್ನ ಕೆಲಸದಲ್ಲಿ ಸಮಾಧಾನವಾಗಿದ್ದೇನೆ,NOEMOTION
ನನ್ನ ವ್ಯಕ್ತಿತ್ವದ ಹಿನ್ನೆಲೆಯಲ್ಲಿ ನನಗೆ ಕೆಲವು ವಿಶೇಷ ಗುಣಗಳು ಇವೆ,EMOTION
ನಾನು ನನ್ನ ಹುಟ್ಟುಹಬ್ಬದ ಸಂಭ್ರಮದಲ್ಲಿ ಇದ್ದೆ,EMOTION
ನನ್ನ ಕೈಗಳಲ್ಲಿ ಒಂದು ಸಂತೋಷದ ಅನುಭವ ಇದೆ,EMOTION
ನಾನು ಇನ್ನೂ ಸ್ನೇಹಿತರ ಸಹವಾಸಕ್ಕೆ ಕಾಯುತ್ತಿದ್ದೇನೆ,EMOTION
ನಾನು ನನ್ನ ಪಿತೃಗಳಿಗೆ ಎಷ್ಟೋ ಋಣಿಯಾಗಿದ್ದೇನೆ,EMOTION
ನಾನು ನನ್ನ ಸ್ನೇಹಿತರ ಸಹವಾಸದಲ್ಲಿ ಸಂತೋಷವನ್ನು ಹೊಂದುತ್ತಿದ್ದೇನೆ,EMOTION
ನಾನು ಈಗ ಬಹಳ ಸಮಾಧಾನದಿಂದಿದ್ದೇನೆ,NOEMOTION
ನಾನು ನನ್ನ ಪ್ರೀತಿಯ ಮನುಷ್ಯನ ಸಂಗಡ ಹೋಗಬೇಕೆಂದು ತೀರ್ಮಾನಿಸಿದೆ,EMOTION
ಅವನು ನನ್ನ ಪ್ರಿಯ ಸ್ನೇಹಿತನಾಗಿದ್ದಾನೆ,EMOTION
ನನ್ನ ಬಾಳು ಒಂದು ಅದ್ಭುತ ಅನುಭವವಾಗಿದೆ,EMOTION
ನಾನು ಎಷ್ಟು ನೋವನ್ನು ಅನುಭವಿಸುತ್ತಿದ್ದೇನೆ ಎಂಬುದು ಅವನಿಗೆ ತಿಳಿದಿರಬಹುದು,EMOTION
ನಾನು ಈ ಕೆಲಸವನ್ನು ಅರ್ಧದಲ್ಲೇ ನಿಲ್ಲಿಸಬೇಕೆಂದು ನಿರ್ಧರಿಸಿದೆ,EMOTION
ನನಗೆ ಈಗ ನಿದ್ರೆ ಬರುತ್ತಿಲ್ಲ,NOEMOTION
ನನ್ನ ವೃತ್ತಿ ಸಂತೋಷದಾಯಕವಾಗಿದೆ,NOEMOTION
ಅವಳು ಒಂದು ಚೆನ್ನಾಗಿದ್ದಾಳೆ,NOEMOTION
ನಾನು ಈಗ ನಿಮ್ಮ ಸಹಾಯಕ್ಕೆ ಬರಬಹುದು,NOEMOTION
ನನಗೆ ಯಾವುದೇ ಕೆಲಸದಲ್ಲಿ ಆಸಕ್ತಿ ಇಲ್ಲ,NOEMOTION
"ನನ್ನ ಜೀವನದಲ್ಲಿ ಎಷ್ಟೋ ಸಮಯ ಕಳೆದಿದೆ, ಆದರೆ ನನ್ನ ಹೃದಯದಲ್ಲಿ ಎಂದೂ ಕೆಲವು ವಿಷಯಗಳು ಮಾಯವಾಗಿಲ್ಲ",EMOTION
ನಾನು ಕನಸುಗಳಲ್ಲಿ ನಡೆದುಕೊಳ್ಳುವುದನ್ನು ಪ್ರೀತಿಸುತ್ತೇನೆ,EMOTION
"ನಾನು ಎಷ್ಟೋ ಸಲ ಸಂತೋಷಪಡುವೆ, ಆದರೆ ಅದು ಎಂದೂ ಹೃದಯದ ಆಳದಲ್ಲಿ ಅನಿತ್ಯವಾಗಿರುವುದು",EMOTION
ನಾನು ಯಾವಾಗಲೂ ಹೃದಯದಲ್ಲಿ ಸಂತೋಷವನ್ನು ಹೊಂದಿದ್ದೇನೆ,EMOTION
"ನನ್ನ ಸಮಸ್ಯೆಗಳನ್ನು ತಿಳಿದಿದ್ದೇನೆ, ಆದರೆ ನನ್ನ ಹೃದಯದಲ್ಲಿ ಸದಾ ಶಾಂತಿ ಇರುವುದು",NOEMOTION
ನಾನು ನನ್ನ ಜೀವನದಲ್ಲಿ ಹಲವಾರು ಪರೀಕ್ಷೆಗಳನ್ನು ಎದುರಿಸಿದ್ದೇನೆ,NOEMOTION
ನನ್ನ ಮನಸ್ಸಿನಲ್ಲಿ ಹೊಸ ಯೋಜನೆಗಳು ಮೂಡುತ್ತಿವೆ,EMOTION
ನಾನು ಇಂದು ಚೆನ್ನಾಗಿದ್ದೇನೆ,NOEMOTION
ನನ್ನ ಸ್ನೇಹಿತರು ನನ್ನ ಪ್ರತಿಯೊಂದು ಅನುಭವಕ್ಕೂ ಸಹಾಯ ಮಾಡಿದ್ದಾರೆ,EMOTION
ನಾನು ಆನಂದದಿಂದ ತುಂಬಾ ಕೂಡಿದ್ದೇನೆ,EMOTION
ನನ್ನ ಪ್ರೀತಿಯ ವ್ಯಕ್ತಿ ನನ್ನ ಜೀವನದ ಹಿರಿಮೆಗೆ ಕಾರಣವಾಗಿದ್ದಾಳೆ,EMOTION
ನನ್ನ ವೇದನೆಯನ್ನು ಹೇಗೆ ವಿವರಿಸಲಿ? ,
ನಾನು ನನ್ನ ಕನಸುಗಳನ್ನು ಹಾರ್ದಿಕವಾಗಿ ಕೈಗೊಳ್ಳುತ್ತೇನೆ,EMOTION
ನಾನು ನನ್ನ ಪರೀಕ್ಷೆಯಲ್ಲಿ ಯಶಸ್ವಿಯಾಗಿದ್ದೇನೆ,NOEMOTION
ನನ್ನ ಬಾಳಿನಲ್ಲಿ ಹಲವಾರು ಉನ್ನತಿಗಳು ಇವೆ,EMOTION
ನನ್ನ ಸ್ನೇಹಿತರು ನನ್ನ ಜೀವನದಲ್ಲಿ ಬಹಳ ಮಹತ್ವದ ವ್ಯಕ್ತಿಗಳು,EMOTION
ನಾನು ಈ ಜೀವನದಲ್ಲಿ ಹೆಚ್ಚು ಕಷ್ಟಪಟ್ಟು ಕಲಿತುದ್ದು ನನ್ನ ಮನಸ್ಸಿಗೆ ಸಂತೋಷವನ್ನು ತರುತ್ತದೆ,EMOTION
"ನನ್ನ ಜೀವನದಲ್ಲಿ ನಾನು ಎಲ್ಲವನ್ನೂ ಸಾಧಿಸಿದ್ದೇನೆ, ಆದರೆ ನಿಜವಾಗಿ ನನ್ನ ಹೃದಯದ ಬೇಕಿದ್ದು ಶಾಂತಿಯೇ",EMOTION
ನನ್ನ ಕುಟುಂಬದವರು ನನ್ನ ಬೆಳವಣಿಗೆಗೆ ಹೆಚ್ಚು ಸಹಾಯಮಾಡಿದವರು,EMOTION
ನನ್ನ ಜೀವನದಲ್ಲಿ ನಾನು ಬಹಳ ಹೊತ್ತು ವೈದ್ಯರ ಬಳಿ ವಿಚಾರಣೆಗಳಿಗೆ ಹೋದೆ,EMOTION
ನನಗೆ ಬಹಳ ಸಂತೋಷವಾಗಿದೆ,EMOTION
ನನಗೆ ದುಃಖವಾಗಿದೆ,EMOTION
ನಾನು ನಿನ್ನ ಬಗ್ಗೆ ಅನುಭವಿಸುತ್ತಿದ್ದೇನೆ,
ಅವನು ನನ್ನನ್ನು ಕರುಣಿಸಿದನು,EMOTION
ಅವನು ನನ್ನನ್ನು ಕೆಳಗೆ ಎಳೆದುಕೊಂಡು ಹೋಗಿದ್ದಾನೆ,NOEMOTION
ನನಗೆ ನಿಜವಾಗಿಯೂ ಭಯವಾಗಿದೆ,EMOTION
ಅವನು ನನ್ನನ್ನು ತೊಂದರಿಸಿದನು,EMOTION
ನಾನು ಸಂತೋಷದಿಂದ ಉದ್ಗರಿಸಲ್ಪಟ್ಟಿದ್ದೇನೆ,EMOTION
ನನಗೆ ಅಸಹ್ಯವಾಗಿದೆ,EMOTION
ನಾನು ಅವನನ್ನು ನೋಡಿ ರಂಜಿಸಿದೆ,NOEMOTION
ನನಗೆ ನಿಜವಾಗಿಯೂ ನಿರಾಶೆಯಾಗಿದೆ,EMOTION
ನನಗೆ ಹೊಟ್ಟೆ ಕುಸಿದಿದೆ,NOEMOTION
ಅವನು ನನ್ನನ್ನು ಸಮಾಧಾನ ಪಡಿಸಿದನು,NOEMOTION
ನಾನು ನಿಜವಾಗಿಯೂ ಖಿನ್ನವಾಗಿದ್ದೇನೆ,
ನಾನು ಅವನನ್ನು ಕಂಡು ಭಯಗೊಂಡಿದ್ದೇನೆ,EMOTION
ನನಗೆ ನಿಜವಾಗಿಯೂ ನಿರಾಶೆಯಾಗಿದೆ,
ನನಗೆ ಹೊಟ್ಟೆ ಕುಸಿದಿದೆ,
ಅವನು ನನ್ನನ್ನು ಸಮಾಧಾನ ಪಡಿಸಿದನು,EMOTION
ನಾನು ನಿಜವಾಗಿಯೂ ಖಿನ್ನವಾಗಿದ್ದೇನೆ,
ನಾನು ಅವನನ್ನು ಕಂಡು ಭಯಗೊಂಡಿದ್ದೇನೆ,EMOTION
ಅವಳು ನನ್ನನ್ನು ಕುರಿತು ಕಂಡು ನಗುವುದು,
ನಾನು ಅವನನ್ನು ಹೊಂದಿಕೊಂಡೆ,NOEMOTION
ನಾನು ಕಣ್ಣೀರು ಸುರಿಸುತ್ತಿದ್ದೇನೆ,EMOTION
ಅವನು ನನ್ನನ್ನು ಸಮಾಧಾನ ಪಡಿಸಲು ಯತ್ನಿಸಿದನು,NOEMOTION
ನಾನು ಅವನನ್ನು ತೆಗಳಿಕೊಂಡೆ,
ನಾನು ನಿಜವಾಗಿಯೂ ನಿರೀಕ್ಷೆಯನ್ನು ಉಳಿಸಲಾರೆ,
ನಾನು ಅವನನ್ನು ಮರೆತಿದ್ದೇನೆ,
ಅವನು ನನ್ನನ್ನು ಕುರಿತು ಕಳ್ಳಕ್ಕಿಂತಲೂ ಹೆಚ್ಚು ದೋಷಿ ಎಂದ,
ನಾನು ಆತಂಕದಿಂದ ಹೊರಟಿದ್ದೇನೆ,
ನಾನು ನನ್ನ ಕೆಲಸದ ಬಗ್ಗೆ ಹೆದರಿಕೆಯನ್ನು ಹೊಂದಿದ್ದೇನೆ,
ನನಗೆ ಸಂತೋಷವಾಗಿದೆ,EMOTION
ನನ್ನ ಹೃದಯ ಹಿಂದೆ ಕಲ್ಲುಗಳಿವೆ,
ನನಗೆ ಕೋಪ ಬಂದಿದೆ,EMOTION
ನಾನು ಸಮಾಧಾನದಿಂದ ನಿದ್ದೆ ಮಾಡುತ್ತಿದ್ದೇನೆ,NOEMOTION
ನನ್ನ ಮನಸ್ಸು ನಿಶ್ಚಲವಾಗಿದೆ,EMOTION
ಅವನು ನನ್ನನ್ನು ಬೆಂಕಿಗೆ ಹಾಕಿದನು,NOEMOTION
ನಾನು ಸಂತೋಷದಿಂದ ಹಾಡು ಹಾಡುತ್ತಿದ್ದೇನೆ,EMOTION
ನಾನು ನನ್ನ ಸೋಂಕನ್ನು ಗುಣಮಾಡಲು ಹೋಗಿದ್ದೇನೆ,NOEMOTION
ಅವನು ನನ್ನನ್ನು ಸಂತೋಷಗೊಳಿಸಿದನು,EMOTION
ನಾನು ನನ್ನ ನೆರಳಿನಿಂದ ಹೊರಗೆ ಬರುತ್ತಿದ್ದೇನೆ,NOEMOTION
ನನಗೆ ಸಮಾಧಾನವಾಗಿದೆ,NOEMOTION
ನಾನು ನನ್ನ ಗುರುಗಳನ್ನು ಗೌರವಿಸುತ್ತಿದ್ದೇನೆ,NOEMOTION
ನಾನು ನನ್ನ ಸೋಂಕನ್ನು ನಿರ್ಮೂಲನ ಮಾಡಿದ್ದೇನೆ,
ಅವನು ನನ್ನ ಮನಸ್ಸನ್ನು ಹೀರಿದನು,EMOTION
ನಾನು ಆನಂದದಿಂದ ನಲಿಯುತ್ತಿದ್ದೇನೆ,EMOTION
ನಾನು ನನ್ನ ವಾಸಕ್ಕೆ ಹಿಂತಿರುಗುವ ಸಮಯವಾಯಿತು,NOEMOTION
ನಾನು ಸಂತೋಷದಿಂದ ಗುಡುಗುತ್ತಿದ್ದೇನೆ,EMOTION
ನನ್ನ ಮನಸ್ಸು ಕಸಿವಿಸಿದೆ,EMOTION
ನಾನು ನನ್ನ ಆದರವನ್ನು ತೋರಿಸುತ್ತಿದ್ದೇನೆ,NOEMOTION
ನನಗೆ ರೋಸಿ ಬಂದಿದೆ,
ನಾನು ನನ್ನ ಪ್ರೀತಿಯನ್ನು ಅನುಭವಿಸುತ್ತಿದ್ದೇನೆ,EMOTION
ನನಗೆ ನಿದ್ರೆ ಬರುವುದಿಲ್ಲ,NOEMOTION
ನಾನು ನನ್ನ ಕಾರ್ಯಕ್ಕೆ ನೇರವಾಗಿ ನಿರ್ಧರಿಸಿದ್ದೇನೆ,NOEMOTION
ನನಗೆ ಸಂತೋಷ ತುಂಬಿದೆ,EMOTION
ನನ್ನ ಹೃದಯವು ತುಂಬಾ ಸಂತೋಷದಿಂದ ತುಂಬಿದೆ,EMOTION
ನಾನು ನನ್ನ ಸಹೋದರಿಯನ್ನು ಬಹಳ ಪ್ರೀತಿಸುತ್ತಿದ್ದೇನೆ,EMOTION
ನನಗೆ ಹೆಚ್ಚು ಚಿಂತೆ ಇಲ್ಲ,NOEMOTION
ನಾನು ನನ್ನ ಕಾರ್ಯವನ್ನು ಸಂಪೂರ್ಣ ಪೂರ್ಣಗೊಳಿಸಿದ್ದೇನೆ,NOEMOTION
ನಾನು ನನ್ನ ಪರೀಕ್ಷೆಯಲ್ಲಿ ಯಶಸ್ವಿಯಾಗಿದ್ದೇನೆ,NOEMOTION
ನಾನು ನನ್ನ ಕುಟುಂಬವನ್ನು ತುಂಬಾ ಪ್ರೀತಿಸುತ್ತಿದ್ದೇನೆ,NOEMOTION
ನಾನು ನನ್ನ ಮಗುವನ್ನು ನೋಡಲು ಹತ್ತು ನಿಮಿಷಗಳನ್ನು ಕಳೆದುಕೊಂಡಿದ್ದೇನೆ,NOEMOTION
ನನಗೆ ನನ್ನ ನೆರೆಹೊರೆಯವರು ಬಹಳ ಸಹಾಯ ಮಾಡಿದರು,NOEMOTION
ನನಗೆ ಸಮಯ ಸಾಲದು ಎಂಬ ಚಿಂತೆ ನನ್ನಲ್ಲಿ ಇಲ್ಲ,NOEMOTION
ನನ್ನ ಬಾಳು ಸುಖಮಯವಾಗಿದೆ,EMOTION
ನಾನು ನನ್ನ ಕೆಲಸವನ್ನು ಪೂರ್ಣಗೊಳಿಸಿದೆನೆಂದು ತೃಪ್ತಿಯಾಗಿದ್ದೇನೆ,EMOTION
ನಾನು ನನ್ನ ಹುಡುಗರನ್ನು ತುಂಬಾ ಪ್ರೀತಿಸುತ್ತಿದ್ದೇನೆ,EMOTION
ನಾನು ನನ್ನ ಅಧ್ಯಯನದಲ್ಲಿ ಉತ್ತಮವಾಗಿದ್ದೇನೆ,EMOTION
ನನಗೆ ತುಂಬಾ ಉತ್ಸಾಹವಿದೆ,EMOTION
ನಾನು ನನ್ನ ಪ್ರೀತಿಯನ್ನು ನನ್ನ ಮಗಳಿಗೆ ತೋರುತ್ತಿದ್ದೇನೆ,NOEMOTION
ನಾನು ನನ್ನ ಸ್ನೇಹಿತರನ್ನು ಕಂಡು ಸಂತೋಷಪಡುತ್ತಿದ್ದೇನೆ,EMOTION
ನಾನು ನನ್ನ ಕುಟುಂಬವನ್ನು ಸಮೃದ್ಧವಾಗಿ ತೋರುತ್ತಿದ್ದೇನೆ,NOEMOTION
ನನಗೆ ಬಹಳ ಉಲ್ಲಾಸವಿದೆ,EMOTION
ನಾನು ನನ್ನ ಸೋದರನನ್ನು ತುಂಬಾ ಪ್ರೀತಿಸುತ್ತಿದ್ದೇನೆ,EMOTION
ನಾನು ನನ್ನ ಮೇಲೆ ನಂಬಿಕೆ ಹೊಂದಿದ್ದೇನೆ,NOEMOTION
ನಾನು ನನ್ನ ಕೆಲಸದಲ್ಲಿ ಸಮರ್ಥನಾಗಿದ್ದೇನೆ,NOEMOTION
ನಾನು ನನ್ನ ಸ್ನೇಹಿತರ ಸಹಾಯದಿಂದ ಸಂತೋಷಿಸುತ್ತಿದ್ದೇನೆ,EMOTION
ನನಗೆ ತುಂಬಾ ಪ್ರೀತಿಯ ಮತ್ತು ಪ್ರೋತ್ಸಾಹವಿದೆ,EMOTION
ನನ್ನ ಕೆಲಸದಲ್ಲಿ ಮೆಚ್ಚುಗೆ ಇದೆ,NOEMOTION
ನಾನು ನನ್ನ ಜೀವನದಲ್ಲಿ ಸ್ಫೂರ್ತಿಗೊಂಡಿದ್ದೇನೆ,NOEMOTION
ನನಗೆ ನನ್ನ ಪ್ರೀತಿಯ ಮತ್ತು ಸಂತೋಷದ ಸ್ಥಾನದಲ್ಲಿ ಬದಲಾವಣೆ ಆಗಿದೆ,NOEMOTION
ನನ್ನ ಪರಿವಾರದವರು ನನ್ನ ಪ್ರೀತಿಯ ಮತ್ತು ಗೌರವದಿಂದ ನೋಡುತ್ತಾರೆ,NOEMOTION
ನಾನು ನನ್ನ ಹುಡುಗರನ್ನು ಬೆಳ್ಳಗೆ ಕಂಡಾಗ ನನಗೆ ತುಂಬಾ ಸಂತೋಷವಾಯಿತು,EMOTION
ನನ್ನ ಪ್ರಿಯತಮರು ಎಂದೆಂದಿಗೂ ನನ್ನ ಹೃದಯದಲ್ಲಿ ಇರುವರು,NOEMOTION
ನಾನು ನನ್ನ ಸಹೋದರಿಯ ಸಹಾಯದಿಂದ ಸಮಾಧಾನವನ್ನು ಹೊಂದಿದ್ದೇನೆ,NOEMOTION
ನನ್ನ ಪ್ರೀತಿಯ ವ್ಯಕ್ತಿ ನನ್ನ ಜೀವನದಲ್ಲಿ ಅತ್ಯಂತ ಮಹತ್ವದಲ್ಲಿರುವನು,NOEMOTION
ನಾನು ನನ್ನ ಪ್ರೀತಿಯ ವ್ಯಕ್ತಿಯನ್ನು ಎಂದೆಂದಿಗೂ ಪ್ರೀತಿಸುತ್ತಿರುವೆನು,EMOTION
ನನ್ನ ಪ್ರೀತಿಯ ವ್ಯಕ್ತಿಯ ಕನಸುಗಳು ನನ್ನ ಜೀವನದಲ್ಲಿ ಅತ್ಯಂತ ಮುಖ್ಯವಾಗಿರುವುವು,NOEMOTION
ನಾನು ನನ್ನ ಕೆಲಸವನ್ನು ಸಮಾರಂಭಿಸಿದ ಹಾಗೆ ನನಗೆ ಸಮಾಧಾನ ಸಿಕ್ಕಿದೆ,NOEMOTION
ನನ್ನ ಕಾರ್ಯದಲ್ಲಿ ಯಶಸ್ಸು ತಾಳಿದೆ,NOEMOTION
ನಾನು ನನ್ನ ಗುರುಗಳನ್ನು ಬಹಳ ಗೌರವದಿಂದ ನೋಡುತ್ತೇನೆ,NOEMOTION
"ಕೆಲವರಿಗೆ ಹೆಚ್ಚು ಬುದ್ಧಿವಂತಿಕೆ ಇರುತ್ತದೆ, ಮತ್ತೆ ಕೆಲವರಿಗೆ ಹೆಚ್ಚು ಭಾವೋದ್ವೇಗ ಇರುತ್ತದೆ",NOEMOTION
ನಮ್ಮ ಕರ್ತವ್ಯ ಏನೆಂದರೆ ಸಮಾಜದ ಹಿತಕ್ಕಾಗಿ ಕೆಲಸ ಮಾಡುವುದು,NOEMOTION
ನಾನು ನಿಜವಾಗಿಯೂ ಸಂತೋಷದಿಂದ ತುಂಬಿದ್ದೇನೆ,EMOTION
ಆತನ ನೋಟಕ್ಕೆ ನಾನು ಹೆಚ್ಚು ನಮ್ರತೆ ತೋರಿಸುತ್ತೇನೆ,NOEMOTION
ನಾವು ಪ್ರೀತಿಸುವ ಮತ್ತು ಕೆಲಸ ಮಾಡುವುದು ನಮ್ಮ ಸ್ವಭಾವದ ಒಂದು ಭಾಗ,NOEMOTION
ಕನಸಿನಲ್ಲಿಯೂ ನಮ್ಮ ಹೃದಯದಲ್ಲಿಯೂ ಸುಖವಿದೆ,NOEMOTION
ನಾನು ನಿಜವಾಗಿಯೂ ಹರ್ಷಿಸುತ್ತಿದ್ದೇನೆ,EMOTION
ನಮ್ಮ ಜೀವನದ ಸಾರವೆಂದರೆ ಮತ್ತೊಬ್ಬರಿಗೆ ಸಹಾಯ ಮಾಡುವುದು,NOEMOTION
ನಿಮ್ಮ ಸ್ನೇಹ ನನಗೆ ಎಷ್ಟು ಬಿಡುವೆಯನ್ನು ತರುತ್ತದ,NOEMOTION
ನಿನ್ನ ನೋಟದಲ್ಲಿ ನನ್ನ ಪ್ರೀತಿಯಿದೆ,NOEMOTION
ಅವಳ ವಿಷಯವಾಗಿ ನಿನಗೆ ಏನಾದರೂ ಕಲಾವಿದನಾಗಿದ್ದರೆ ಬಹಳ ಖುಷಿಯಾಗುತ್ತಿತ್ತು,EMOTION
ಅವಳನ್ನು ಕಂಡಾಗ ನನ್ನ ಮನಸ್ಸಿನಲ್ಲಿ ಸಂತೋಷವಾಯಿತು,EMOTION
ಆ ಸಂದರ್ಭದಲ್ಲಿ ನಾನು ದುಃಖಿತನಾಗಿದ್ದೆ,EMOTION
ನನ್ನ ಜೀವನದಲ್ಲಿ ನೀನು ಅತ್ಯಂತ ಮುಖ್ಯ ವ್ಯಕ್ತಿ,NOEMOTION
ನಿನ್ನನ್ನು ನೋಡಿ ನನಗೆ ನಗು ಬಂದಿತು,EMOTION
ನನ್ನ ಹೃದಯವು ನಿನ್ನ ಕಡೆಗೆ ಹರಿಯುತ್ತಿದೆ,NOEMOTION
ಅವನು ಹೊಸದಾಗಿ ಬಂದಾಗ ನಾನು ಹೆದರಿದೆ,EMOTION
ಅವಳು ನನ್ನನ್ನು ದೂರುತ್ತಿದ್ದಾಳೆ ಎಂದು ನನ್ನ ಮನಸ್ಸಿನಲ್ಲಿ ಅಂಜಿಕೆ ಹುಟ್ಟಿಸಿತು,NOEMOTION
ನನ್ನ ಬುದ್ಧಿ ಸ್ಥಿರವಾಗಿಲ್ಲ,NOEMOTION
ಈ ಪುಸ್ತಕ ಅತ್ಯಂತ ಆಸಕ್ತಿಕರವಾಗಿದೆ,NOEMOTION
ಅವನು ನನ್ನನ್ನು ಬಿಟ್ಟು ಹೋದನು,NOEMOTION
ನನಗೆ ಬಹಳ ಆನಂದವಾಗಿದೆ ಈ ಸಂದರ್ಭದಲ್ಲಿ ಇರುವುದು,EMOTION
ಆ ಮನುಷ್ಯ ನನ್ನ ಕೈಯಿಂದ ಒಂದು ಪುಸ್ತಕವನ್ನು ಕದಿಯಿತು,NOEMOTION
ನಾನು ನನ್ನ ಪ್ರೀತಿಯನ್ನು ಅದಕ್ಕೆ ತಿಳಿಸಲು ಸಾಧ್ಯವಿಲ್ಲ,NOEMOTION
ನಾನು ಕುಳಿತಿದ್ದು ಕಿಟ್ಟಿಗೆ ನೋಡುತ್ತಾ ಇದ್ದೆ,NOEMOTION
ಅದು ನನ್ನ ಮೆದುಳಿಗೆ ಸುಖವನ್ನು ತಂದಿತು,EMOTION
ಅವನ ಕೈಯಿಂದ ಕಿತ್ತುಕೊಂಡಿದ್ದು ನನ್ನ ಮನಸ್ಸಿನಲ್ಲಿ ಅನುಕೂಲವಾಗಿದೆ,NOEMOTION
ಈ ಪ್ರಪಂಚ ಅಷ್ಟು ಸುಂದರವಾಗಿದೆ ಎಂಬುದು ನನ್ನ ನಂಬಿಕೆ,EMOTION
ನನ್ನ ಹೃದಯದಲ್ಲಿ ಸದಾ ಪ್ರೀತಿ ಇರುವುದು,EMOTION
ನಿನ್ನ ಸಹವಾಸವು ನನ್ನನ್ನು ಸುಖವಾಗಿಸುತ್ತದೆ,EMOTION
ನಾನು ನಿನ್ನನ್ನು ಪ್ರೀತಿಸುತ್ತೇನೆ ಮತ್ತು ನಿನ್ನನ್ನು ಕಾಯಿರಿಸುತ್ತೇನೆ,EMOTION
ನಿನ್ನ ಮುಖದ ನಗು ನನ್ನ ದಿನವನ್ನು ಹಾಸ್ಯಮಯವಾಗಿ ಮಾಡುತ್ತದೆ,EMOTION
ನನ್ನ ಜೀವನದ ಸಾರ್ಥಕತೆ ನಿನ್ನ ಸಮೀಪದಲ್ಲಿರುವುದು,NOEMOTION
ನಾನು ನಿನ್ನನ್ನು ನೋಡಿದಾಗ ನನ್ನ ಹೃದಯದಲ್ಲಿ ಆನಂದವುಂಟಾಗುತ್ತದೆ,EMOTION
ನೀನು ನನ್ನ ಬೆಳಗ್ಗೆಯನ್ನು ಹೆಚ್ಚಿಸುತ್ತೀಯೆ,NOEMOTION
ನಿನ್ನ ಪ್ರೀತಿ ನನ್ನ ಹೃದಯದ ಮೇಲೆ ಸದಾ ಪ್ರಭಾವ ಬೀರುತ್ತಿದೆ,NOEMOTION
ನಿನ್ನ ಪ್ರೀತಿ ನನ್ನ ಹೃದಯದ ಮೇಲೆ,
